glyph,unicode,leaf,line,band,category,x,y,w,h,notes
G,0047,72,54pt,3,cap,570,2977,82,285,"survey #41, 'GRAND SUMMER HOUSE ~'"
R,0052,72,54pt,3,cap,649,2980,98,281,"survey #42, 'GRAND SUMMER HOUSE ~'"
A,0041,72,54pt,3,cap,747,2980,89,280,"survey #43, 'GRAND SUMMER HOUSE ~'"
N,004E,72,54pt,3,cap,833,2979,92,284,"survey #44, 'GRAND SUMMER HOUSE ~'"
D,0044,72,54pt,3,cap,923,2980,94,282,"survey #45, 'GRAND SUMMER HOUSE ~'"
S,0053,72,54pt,3,cap,1084,2979,74,284,"survey #46, 'GRAND SUMMER HOUSE ~'"
U,0055,72,54pt,3,cap,1153,2979,92,284,"survey #47, 'GRAND SUMMER HOUSE ~'"
M,004D,72,54pt,3,cap,1242,2979,120,283,"survey #48, 'GRAND SUMMER HOUSE ~'"
M.54pt,,72,54pt,3,cap,1360,2979,121,283,"survey #49, 'GRAND SUMMER HOUSE ~'"
E,0045,72,54pt,3,cap,1479,2978,80,284,"survey #50, 'GRAND SUMMER HOUSE ~'"
R.54pt,,72,54pt,3,cap,1557,2979,99,283,"survey #51, 'GRAND SUMMER HOUSE ~'"
H,0048,72,54pt,3,cap,1719,2979,93,283,"survey #52, 'GRAND SUMMER HOUSE ~'"
O,004F,72,54pt,3,cap,1812,2978,80,284,"survey #53, 'GRAND SUMMER HOUSE ~'"
U.54pt,,72,54pt,3,cap,1891,2979,90,283,"survey #54, 'GRAND SUMMER HOUSE ~'"
S.54pt,,72,54pt,3,cap,1980,2979,74,283,"survey #55, 'GRAND SUMMER HOUSE ~'"
E.54pt,,72,54pt,3,cap,2052,2978,78,283,"survey #56, 'GRAND SUMMER HOUSE ~'"
S.54pt_2,,72,54pt,4,cap,244,3278,74,282,"survey #58, 'Situated Near Canal City Montana 7 ~'"
i,0069,72,54pt,4,lower,313,3280,36,279,"survey #59, 'Situated Near Canal City Montana 7 ~'"
t,0074,72,54pt,4,lower,347,3284,54,277,"survey #60, 'Situated Near Canal City Montana 7 ~'"
u,0075,72,54pt,4,lower,398,3354,68,205,"survey #61, 'Situated Near Canal City Montana 7 ~'"
a,0061,72,54pt,4,lower,467,3357,69,205,"survey #62, 'Situated Near Canal City Montana 7 ~'"
t.54pt,,72,54pt,4,lower,531,3284,54,277,"survey #63, 'Situated Near Canal City Montana 7 ~'"
e,0065,72,54pt,4,lower,584,3353,58,208,"survey #64, 'Situated Near Canal City Montana 7 ~'"
d,0064,72,54pt,4,lower,639,3280,66,281,"survey #65, 'Situated Near Canal City Montana 7 ~'"
N.54pt,,72,54pt,4,cap,773,3279,93,282,"survey #66, 'Situated Near Canal City Montana 7 ~'"
e.54pt,,72,54pt,4,lower,866,3353,58,208,"survey #67, 'Situated Near Canal City Montana 7 ~'"
a.54pt,,72,54pt,4,lower,924,3358,68,205,"survey #68, 'Situated Near Canal City Montana 7 ~'"
r,0072,72,54pt,4,lower,988,3356,58,205,"survey #69, 'Situated Near Canal City Montana 7 ~'"
C,0043,72,54pt,4,cap,1117,3277,70,285,"survey #70, 'Situated Near Canal City Montana 7 ~'"
a.54pt_2,,72,54pt,4,lower,1189,3358,68,206,"survey #71, 'Situated Near Canal City Montana 7 ~'"
n,006E,72,54pt,4,lower,1254,3355,68,207,"survey #72, 'Situated Near Canal City Montana 7 ~'"
a.54pt_3,,72,54pt,4,lower,1325,3358,68,206,"survey #73, 'Situated Near Canal City Montana 7 ~'"
l,006C,72,54pt,4,lower,1390,3281,36,281,"survey #74, 'Situated Near Canal City Montana 7 ~'"
C.54pt,,72,54pt,4,cap,1499,3277,70,286,"survey #75, 'Situated Near Canal City Montana 7 ~'"
i.54pt,,72,54pt,4,lower,1568,3281,36,281,"survey #76, 'Situated Near Canal City Montana 7 ~'"
t.54pt_2,,72,54pt,4,lower,1602,3285,53,278,"survey #77, 'Situated Near Canal City Montana 7 ~'"
y,0079,72,54pt,4,lower,1652,3356,78,242,"survey #78, 'Situated Near Canal City Montana 7 ~'"
M.54pt_2,,72,54pt,4,cap,1799,3279,121,282,"survey #79, 'Situated Near Canal City Montana 7 ~'"
o,006F,72,54pt,4,lower,1923,3354,60,208,"survey #80, 'Situated Near Canal City Montana 7 ~'"
n.54pt,,72,54pt,4,lower,1984,3354,68,207,"survey #81, 'Situated Near Canal City Montana 7 ~'"
t.54pt_3,,72,54pt,4,lower,2052,3285,54,277,"survey #82, 'Situated Near Canal City Montana 7 ~'"
a.54pt_4,,72,54pt,4,lower,2104,3357,69,205,"survey #83, 'Situated Near Canal City Montana 7 ~'"
n.54pt_2,,72,54pt,4,lower,2170,3354,67,207,"survey #84, 'Situated Near Canal City Montana 7 ~'"
a.54pt_5,,72,54pt,4,lower,2239,3356,69,206,"survey #85, 'Situated Near Canal City Montana 7 ~'"
seven,0037,72,54pt,4,figure,2390,3278,61,283,"survey #86, 'Situated Near Canal City Montana 7 ~'"
M.42pt,,72,42pt,2,cap,239,2612,90,221,"survey #3, 'Making Preparations 59 County Exhibitions ~'"
a.42pt,,72,42pt,2,lower,330,2672,57,162,"survey #4, 'Making Preparations 59 County Exhibitions ~'"
k,006B,72,42pt,2,lower,388,2613,65,219,"survey #5, 'Making Preparations 59 County Exhibitions ~'"
i.42pt,,72,42pt,2,lower,454,2612,31,220,"survey #6, 'Making Preparations 59 County Exhibitions ~'"
n.42pt,,72,42pt,2,lower,487,2672,54,161,"survey #7, 'Making Preparations 59 County Exhibitions ~'"
g,0067,72,42pt,2,lower,544,2671,67,206,"survey #8, 'Making Preparations 59 County Exhibitions ~'"
P,0050,72,42pt,2,cap,671,2612,65,220,"survey #9, 'Making Preparations 59 County Exhibitions ~'"
r.42pt,,72,42pt,2,lower,738,2672,46,161,"survey #10, 'Making Preparations 59 County Exhibitions ~'"
e.42pt,,72,42pt,2,lower,786,2671,48,164,"survey #11, 'Making Preparations 59 County Exhibitions ~'"
p,0070,72,42pt,2,lower,837,2672,50,205,"survey #12, 'Making Preparations 59 County Exhibitions ~'"
a.42pt_2,,72,42pt,2,lower,889,2673,57,162,"survey #13, 'Making Preparations 59 County Exhibitions ~'"
r.42pt_2,,72,42pt,2,lower,947,2673,46,160,"survey #14, 'Making Preparations 59 County Exhibitions ~'"
a.42pt_3,,72,42pt,2,lower,995,2673,57,162,"survey #15, 'Making Preparations 59 County Exhibitions ~'"
t.42pt,,72,42pt,2,lower,1052,2616,44,219,"survey #16, 'Making Preparations 59 County Exhibitions ~'"
i.42pt_2,,72,42pt,2,lower,1096,2612,31,221,"survey #17, 'Making Preparations 59 County Exhibitions ~'"
o.42pt,,72,42pt,2,lower,1130,2671,46,164,"survey #18, 'Making Preparations 59 County Exhibitions ~'"
n.42pt_2,,72,42pt,2,lower,1178,2672,54,161,"survey #19, 'Making Preparations 59 County Exhibitions ~'"
s,0073,72,42pt,2,lower,1237,2672,45,163,"survey #20, 'Making Preparations 59 County Exhibitions ~'"
five,0035,72,42pt,2,figure,1357,2615,55,220,"survey #21, 'Making Preparations 59 County Exhibitions ~'"
nine,0039,72,42pt,2,figure,1413,2613,56,221,"survey #22, 'Making Preparations 59 County Exhibitions ~'"
C.42pt,,72,42pt,2,cap,1541,2614,56,221,"survey #23, 'Making Preparations 59 County Exhibitions ~'"
o.42pt_2,,72,42pt,2,lower,1600,2671,46,164,"survey #24, 'Making Preparations 59 County Exhibitions ~'"
u.42pt,,72,42pt,2,lower,1649,2671,56,163,"survey #25, 'Making Preparations 59 County Exhibitions ~'"
n.42pt_3,,72,42pt,2,lower,1705,2671,56,161,"survey #26, 'Making Preparations 59 County Exhibitions ~'"
t.42pt_2,,72,42pt,2,lower,1761,2616,44,219,"survey #27, 'Making Preparations 59 County Exhibitions ~'"
y.42pt,,72,42pt,2,lower,1805,2671,64,206,"survey #28, 'Making Preparations 59 County Exhibitions ~'"
E.42pt,,72,42pt,2,cap,1929,2613,63,219,"survey #29, 'Making Preparations 59 County Exhibitions ~'"
x,0078,72,42pt,2,lower,1992,2671,56,161,"survey #30, 'Making Preparations 59 County Exhibitions ~'"
h,0068,72,42pt,2,lower,2050,2615,55,217,"survey #31, 'Making Preparations 59 County Exhibitions ~'"
i.42pt_3,,72,42pt,2,lower,2107,2611,32,221,"survey #32, 'Making Preparations 59 County Exhibitions ~'"
b,0062,72,42pt,2,lower,2143,2612,48,222,"survey #33, 'Making Preparations 59 County Exhibitions ~'"
i.42pt_4,,72,42pt,2,lower,2193,2611,32,244,"survey #34, 'Making Preparations 59 County Exhibitions ~'"
t.42pt_3,,72,42pt,2,lower,2225,2615,44,219,"survey #35, 'Making Preparations 59 County Exhibitions ~'"
i.42pt_5,,72,42pt,2,lower,2269,2611,31,221,"survey #36, 'Making Preparations 59 County Exhibitions ~'"
o.42pt_3,,72,42pt,2,lower,2302,2670,46,163,"survey #37, 'Making Preparations 59 County Exhibitions ~'"
n.42pt_4,,72,42pt,2,lower,2350,2670,54,161,"survey #38, 'Making Preparations 59 County Exhibitions ~'"
s.42pt,,72,42pt,2,lower,2408,2671,45,163,"survey #39, 'Making Preparations 59 County Exhibitions ~'"
